<?xml version="1.0" encoding="UTF-8"?>

<!--<DLWGQZ_kurzusfelvetel tanev="2023/2024/I" egyetem="ME" xmlns:xs="http://www.w3.org/2001/XMLSchema-instance" xs:noNamespaceSchemaLocation="DLWGQZ_kurzusfelvetel.xsd">-->

<DLWGQZ_kurzusfelvetel tanev="2023/2024/I" egyetem="ME">
    <hallgato id="DLWGQZ">
        <hnev>Szkárosi Szilárd</hnev>
        <szulev>2001</szulev>
        <szak evf="5">Mérnökinformatikus Bsc</szak>
    </hallgato>
    <kurzusok>
        <kurzus id="GEIAL332-B">
            <kurzusnev>Adatkezelés XML-ben</kurzusnev>
            <kredit>5</kredit>
            <hely>XXXII.</hely>
            <idopont>Kedd 12:00-14:00</idopont>
            <oktato>Dr. Bednarik László</oktato>
        </kurzus>
        <kurzus id="GEIAL331-B" jovahagyas="igen">
            <kurzusnev>Web technológiák 1</kurzusnev>
            <kredit>5</kredit>
            <hely>A5/305.</hely>
            <idopont>Hétfő 14:00-16:00</idopont>
            <oktato>Agárdi Anita</oktato>
        </kurzus>
        <kurzus id="GEFIT012-B">
            <kurzusnev>Fizika II.</kurzusnev>
            <kredit>4</kredit>
            <hely>A1/12.</hely>
            <idopont>Hétfő 8:00-12:00</idopont>
            <oktato>Dr. Pszota Gábor</oktato>
            <oraado>Nagy Ádám</oraado>
        </kurzus>
        <kurzus id="GEIAL333-B" jovahagyas="igen">
            <kurzusnev>Web-es alkalmazások (C#)</kurzusnev>
            <kredit>5</kredit>
            <hely>Inf/101</hely>
            <idopont>Kedd 14:00-18:00</idopont>
            <oktato>Árvai László Lajos</oktato>	
            <oraado>Dr. Mileff Péter</oraado>
        </kurzus>  
        <kurzus id="GEIAL120-B" jovahagyas="nem" nyelv="angol">
            <kurzusnev>Integrált vállalati rendszerek</kurzusnev>
            <kredit>5</kredit>
            <hely>X. előadó</hely>
            <idopont>Szerda 12:00-16:00</idopont>
            <oktato>Dr. Samad Dadvandipour</oktato>	
            <oraado>Dr. Kulcsárné Dr. Forrai Mónika</oraado>
        </kurzus>
        <kurzus id="GEVEE050-B">
            <kurzusnev>Elektrotechnika-elektronika</kurzusnev>
            <kredit>5</kredit>
            <hely>A1/316.</hely>
            <idopont>Kedd 8:00-10:00</idopont>
            <oktato>Szabó Norbert István</oktato>
        </kurzus>
        <kurzus id="GEIAL30A-B">
            <kurzusnev>Windows rendszergazda</kurzusnev>
            <kredit>5</kredit>
            <hely>Inf/101</hely>
            <idopont>Szerda 16:00-20:00</idopont>
            <oktato>Wagner György</oktato>
        </kurzus>                                 
    </kurzusok>

</DLWGQZ_kurzusfelvetel>